Image_Name,Caption
image_1.jpg,F/21/5‚Äô2 ‚Äú[210lbs>113= 97lbs] (16 months )
image_2.jpg,F/25/5‚Äô7‚Äù [267lbs > 159lbs = 108lbs] (2018-2024)
image_3.jpg,M/31/5'10 [278lbs > 198lbs = 80 pounds lost] 7 months.
image_4.jpg,F/28/5‚Äô4‚Äù[208lbs>153lbs=55lbs] (8 months)
image_5.jpg,F/38/5‚Äô5‚Äù [303 > 138 = 165] (3 years) I‚Äôve been having some body issues lately‚Ä¶
image_6.jpg,"F/32/5'8[438>307=131] 2 years. Calorie counting, exercise, no surgery. First year dropped 90 lbs second year dropped 40 and started recomping"
image_7.jpg,F/28/5‚Äô4‚Äù[208lbs>153lbs =55lbs](8 months)
image_8.jpg,"F/20/5'0"" [136lbs > 125lbs = 11 pounds lost] Slow cutting after the Bulk! Girls power"
image_9.jpg,F/32/179 cm [102 kg > 72 = 30 kg] (1 year)
image_10.jpg,"F/33/5‚Äô4‚Äù[205>155=50] 6 months. 1200 calories a day, no alcohol, no exercise."
image_11.jpg,"F/22/5‚Äô6 [250lbs > 140lbs = 110lbs lost] been maintaining for about a year now, took me about a year to lose the weight but here we are! i‚Äôm still so proud of myself ü•∫üò≠"
image_12.jpg,F/35/5‚Äô5 [331>180=151lbs](2yrs)
image_13.jpg,"F/25/5'3"" [155lbs > 117lbs = 38lbs] march 2023 to now, 6 months heavy exercise 6 months none, gradual diet change to healthier eating, about to jump back into working out"
image_14.jpg,"F/28/5‚Äô9‚Äù[180lbs>174lbs =6lbs] Two months in, just trying to get sexier for the summer! (repost bec account got deleted)"
image_15.jpg,"F/33/5‚Äô9‚Äù [235lbs > 215lbs = 20lbs ] (1 year). So I was struggling to see any difference in my weight loss until I put these two pictures together. Crazy how a small difference can drastically change how someone looks. It‚Äôs been slow going due to some meds, but a loss is a loss."
image_16.jpg,F/24/5‚Äô7‚Äù [200lbs >160lbs =40lbs lost] taking things day by day. These photos are about 2 years apart
image_17.jpg,F/22/5‚Äô8‚Äù [245lbs > 133lbs] weight loss progress!
image_18.jpg,"F/28/5'5"" [320lbs > 175lbs = 145lbs] pic 5ish years apart. Been working on body comp the last year or so. Who tf am I?"
image_19.jpg,"F/38/5‚Äô11 [311 - 272 - 235 = -76] 2 years, same bathing suit. Halfway there!"
image_20.jpg,"M/29/5'10"" [285>155 = 130lbs] I made some significant face gains!"
image_21.jpg,"M/36/6'5""[300lbs>242lbs=58lbs] weight loss"
image_22.jpg,F/30/5‚Äô6‚Äù [217 - 163 = 54] 1 yr
image_23.jpg,"M/21/6‚Äô2"" [160lbs > 250lbs = +90lbs] (4 years)"
image_24.jpg,"F/30/5'1"" [168Ibs > 144Ibs = 24Ibs] weight loss progress"
image_25.jpg,F/31/5‚Äô7‚Äù [205 ish > 150 = 55 pounds lost] Pictures taken over three years apart
image_26.jpg,M/27/5‚Äô11‚Äù [202lbs > 181lbs = 21lbs] Weight Loss in 35 days
image_27.jpg,M/23/5‚Äô7‚Äô‚Äô [156lbs > 160lbs = 4lbs] 4 months gym progress
image_28.jpg,M/24/5'6 [225 > 150 > 165 > 180 = 75lbs lost and 30lbs gained] 4 years ago I decided to change my life and make lifting weights my life. Now living my best life. Right 2 pics are at 180lbs at the end of my current bulk.
image_29.jpg,M/22/6‚Äô2‚Äù [252lbs>196lbs =56lbs] finally starting to see some shape!
image_30.jpg,"F/28/5‚Äô3‚Äù [120lbs > 125lbs = 5lbs gained] (2 months) Been focusing more on glutes lately, hoping for more volume and have been eating more regularly. Next focus will most likely be arms."
image_31.jpg,"F/33/5'4 [280>170=110] (4 years)  been maintaining for 1 year, 25 more to go!"
image_32.jpg,M/24/5‚Äô9‚Äù [308>185=123] 4 years of pain and suffering paid off
image_33.jpg,"M/31/5'9"" [121 > 153 = 32] (5 years, 5 months) Not an overnight transformation, but have gone from no exercise to continually working to improve my fitness, and feel great for it."
image_34.jpg,"F/31/5‚Äô2‚Äù [236>186=50lbs] (12 months) Lifting heavy, mostly consistently and eating consciously, prioritizing protein and veggies. I‚Äôm just trying to get strong and healthy, done trying to be the skinniest I can be."
image_35.jpg,F/25/5‚Äô2‚Äù [172lbs > 155lbs = 17lbs] (8 months) I‚Äôm just getting started but already feeling better
image_36.jpg,"M/32/6'1"" [97kg-90kg] (2 months) 55 days of killing myself to get into shape."
image_37.jpg,F/30/5‚Äô7 [292-219=73lbs] (9 months) amazing what a good haircut can do üíá‚Äç‚ôÄÔ∏è
image_38.jpg,M/37/6‚Äô1‚Äù [140lbs - 167lbs] (3yrs)
image_39.jpg,"F/28/5'2"" [250>194=56] (4 years of yo-yoing) (The last place I posted this side by side people told me they couldn't tell any difference :c)"
image_40.jpg,"F/31/5'6"" [120lbs < 125lbs = 5lbs] Gym Progress"
image_41.jpg,"M/37/5'9"" [310lbs>200lbs=110lbs] (8 months) - Went sober and overhauled my diet. I feel like a new man!"
image_42.jpg,M/26/6‚Äô0 [125-180] (4 years) Gym Progress
image_43.jpg,"F/27/5'4"" [247lbs>199lbs=48lbs] (13 months) You were so kind about my face gains yesterday - here's my body progress. Still a long way to go, but feel so much better."
image_44.jpg,"F/28/5'5"" [250lbs>219lbs=31lbs] (80 days) Feeling like my stomach and double chin will never shrink :("
image_45.jpg,"M/36/5‚Äô10‚Äù [238 > 207.5 = 27.5] (2 months) SW(Last photo): 238 GW: ~175 or 180 (in compare photos left is 218lbs on Feb 2nd, right is 208lbs on Feb 18th)"
image_46.jpg,F/29/5‚Äô8‚Äù [355 lbs >215 lbs = 140 lbs](~2 years) hit 140 lbs down during my birthday week!!
image_47.jpg,M/35/5‚Äô11‚Äù [221<210=11lbs] (11 weeks)
image_48.jpg,F/21/5‚Äô4 [140 > 122 = 18 lbs] feeling better than ever!
image_49.jpg,"F/19/5'3""[108>135 = 27lb gained] Been on a weight gain journey for about a year now, first pic I took at the start of 2023 the second pic was taken few days ago. I can say I am happy with my progress and feel alot more confident! To all of you on the same journy you can do itüòÜü•∞ Please be nice btwü•∫üòÇ"
image_50.jpg,F/28/5‚Äô9‚Äù [202lbs > 169lbs = 33lbs] (almost at 1 year progress) body recomposition gained a lot of muscle and feeling so much stronger! üëäüèª
image_51.jpg,"M/29/5'11 [242 lbs>211lbs= 31lbs] Same shirt, 6 months apart"
image_52.jpg,M/39/5‚Äô8 [415lbs > 215lbs = -200 lbs] Had issues with original account but im back! 10 year gap between pics but feeling younger and more alive.
image_53.jpg,F/31/5‚Äô7 [393-250= 143 lbs down] (19-20ish months I honestly have lost track) Still have a way to go. Lost almost all of it naturally just started semiglutide a few weeks ago. Happy with who I was excited for who I‚Äôm becoming ‚ò∫Ô∏è‚ò∫Ô∏è
image_54.jpg,F/28/5‚Äô7‚Äù [228lbs > 147lbs = 81lbs] Weight loss progress
image_55.jpg,M/35/6'1 [205lbs > 225lbs = 20lbs] (3 years at the gym)
image_56.jpg,F/27/5‚Äô6‚Äù [189lbs>153lbs=36lbs] Reached a huge milestone the other day. I‚Äôm no longer overweight!
image_57.jpg,"M/25/5‚Äô10‚Äù [200 > 182.7 = 17.3] Goal weight 155. Is it over, or will my face get more defined/attractive?"
image_58.jpg,"M/24/6'0"" [360lbs > 255lbs = 105lbs](13 months) I told myself I'd post progress pics once I cleared 100lbs, so here we are!"
image_59.jpg,"F/27/5'4"" [247lbs>199lbs=48lbs] About halfway to my GW, but I'm so surprised at how much it has changed my face and all over glow already!"
image_60.jpg,M/35/6‚Äô [403lbs>248lbs=155lbs] More to go but feeling great. Can really see it in my face
image_61.jpg,F/23/5‚Äô3‚Äù [148lbs > 127.2lbs?] 1 year face gains !
image_62.jpg,"M/33/5‚Äô11‚Äù [195 > 195 = 0] (6 months) Different lighting, different angle, post-lift pump, etc. I still can‚Äôt believe the change I‚Äôve made to my physique in such a short time."
image_63.jpg,F/19/5‚Äô3 [147>127lbs=20lbs] Found this picture from 8 months ago in my black hair era!
image_64.jpg,F/20/5‚Äô7 [145>120=-25lbs] My legs before and after starting to run 5-6 miles daily
image_65.jpg,"M/25/6'1"" [350lbs > 175lbs = -175lbs] 36+ months. Feeling good!"
image_66.jpg,F/25/5‚Äô10‚Äù [265lbs >211lbs =54lbs lost] More fat to go and muscle to gain but I'm shocked at the 5 year difference!
image_67.jpg,F/63/5‚Äô4‚Äù[223>155=68lbs] Exactly two years apart on my birthday. If I can do it so can you!
image_68.jpg,"F/35/4'11"" [260+ lbs > 200lbs = 60lbs] (9 months) Grief (and sobriety and CICO) does a thing"
image_69.jpg,M/32/5‚Äô10‚Äù [254lbs>184lbs=70lbs] one moment of embarrassment forced change
image_70.jpg,F/31/5‚Äô1‚Äù [108lbs > 135lbs = 27lbs] (6+ years) So stoked on the person I‚Äôve become. My mental strength gainz have allowed me to better support my loved ones and myself üí™üèª
image_71.jpg,"M/30/5‚Äô5‚Äù [227>169=58lbs] (36 months) Long journey, but feeling myself again"
image_72.jpg,F/26/5'10 [317-241] 76 Ibs. 7 months.
image_73.jpg,F/24/5‚Äô7‚Äù [200lbs >160lbs =40lbs lost] not where I want to be but not where I was before. Same shorts of course.
image_74.jpg,M/21/5‚Äô10 [310‚Äì>170] (16 months) From the lowest point of my life to the best I‚Äôve ever felt in my life. Don‚Äôt even recognize the guy on the left anymore.
image_75.jpg,M/26/5'5 [130lbs > 185lbs = 50lbs] weight gain progress
image_76.jpg,M/37/6'2 [450 < 365]  (18 months) NSV. Bought these pants to wear to interviews as I was changing careers. Now they fall off me.
image_77.jpg,F/22/4'11 [120lbs > 105lbs] Face gains after 15lbs weight loss
image_78.jpg,M/27/6'1 [375>265=110lb] (36 months) hit my 3 year weight loss landmark
image_79.jpg,F/24/5‚Äô6 [176lbs>148lbs] 06 months into pilates
image_80.jpg,M/20/6‚Äô1‚Äù [159lbs > 228lbs = 70lbs] Weight gain progress
image_81.jpg,"X/31/5'1"" [191lbs > 181lbs = 20lbs] (12 months) Lotta stagnation this year, but pleasantly surprised to see progress!"
image_82.jpg,F/28/5‚Äô6 [330>150=180] (48 months) I am posting this for inspiration. You can do this!
image_83.jpg,F/24/5‚Äô8 [126lb > 128lb] 7 week glute progress
image_84.jpg,F/30/5'8 [202>146=56] (8 months) Feb 2023 vs Feb 2024! Maintained since October. Now ready for recomp!
image_85.jpg,M/32/5‚Äô6‚Äù [160 lbs < 170 lbs] (2 years) we still growing.
image_86.jpg,"F/32/5'5"" [228lbs > 197lbs = -31lbs] Hello, onederland!"
image_87.jpg,"F/29/5'3"" [167lbs > 137.8lbs = 29.2lbs] Weight loss progress"
image_88.jpg,F/29/5‚Äô3‚Äù [182>130=52lbs] ~2 years of low n slow progress üòé
image_89.jpg,M/25/5‚Äô8 [108 KG > 80 KG = 28 KG] (7 months) Keto diet + gym + cardio
image_90.jpg,F/49/5'7 [169<199 = 30 pounds] 6 months.  I just physically feel so much better all around!
image_91.jpg,"F/28/5‚Äô2 [184 > 150 = 34 pounds lost] (six months) 20 more until I‚Äôm back to my pre-injury weight, 30 until I hit my wedding goal"
image_92.jpg,M/26/6‚Äô1‚Äù [350lbs > 175lbs = 175lbs] Some up and down progress over a few years
image_93.jpg,"M/20/6'3"" [213lbs 207lbs = 6lbs] (13 months) started cutting now"
image_94.jpg,M/18/6‚Äô2 [150 > 160 = 10 lbs gained] (5 months) Is this underwhelming progress for 5 months?
image_95.jpg,F/34/5'3 [140# -> 140#] - do you see any changes?
image_96.jpg,F/37/5‚Äô6‚Äù [347lbs > 132lbs = 215lbs] (8 years) Finally done trying to lose weight
image_97.jpg,F/32/5‚Äô5‚Äù [116kg > 113kg] Progress after just a month of 1-2hrs of daily walks and basic weightlifting.
image_98.jpg,F/35/5‚Äô2 [151lbs > 122lbs = 29lbs lost] Weight Loss Progress
image_99.jpg,M/42/6‚Äô1‚Äù [460lbs > 270lbs = 190lbs] (14 months) It‚Äôs been a journey‚Ä¶
image_100.jpg,M/25/6'1 [320>245=75 pounds] gathered up all my progress pics for this one. More info at bottom.
image_101.jpg,F/31/5‚Äô5‚Äù [315lbs > 219lbs = 96 lbs lost] and not done yet!
image_102.jpg,F/30/5‚Äô5 [304lbs > 280lbs = 24lbs lost] (1.5 months) I don‚Äôt have anyone to share this with so I am posting here.
image_103.jpg,M/22/5‚Äô7 [296 lbs- 249 lbs. -47 lbs] (5 months) mainly just diet changes up to this point. Looking to get in the gym and keep going!!
image_104.jpg,"M/33/6‚Äô0‚Äù [230lbs > 188lbs = 42lbs] (10 months) Weightlifting and CICO is changing my life, and I‚Äôm not close to done."
image_105.jpg,M/27/5‚Äô7 [285-175=110lbs] This month was the 2 year mark of many lifestyle changes. Thanks to this sub for all the inspiration
image_106.jpg,"M/24/5'10"" [280 > 210 = 70lbs] (3 years) I feel reborn."
image_107.jpg,"M/29/6'2"" [522 > 372 = 150 Lost] (2.5 years) Celebrated 150lbs lost this week, my facial change so far"
image_108.jpg,"M/22/5'5"" [80kg>70kg] (9 months) Face Gains"
image_109.jpg,"M/28/5'11"" [125lbs > 139lbs = 14lbs] weight gain feedback"
image_110.jpg,"M/25/170 [47kg > 76kg = 29kg] 5years of fighting against heavy depression and health problems (liver, heart, etc.). I did a lot of yo-yoing, but I finally managed to stabilize my weight and slowly appreciate my body. That was hard but i make it step by step"
image_111.jpg,F/31/5‚Äô2 [165 > 130 = 35 lbs] 8/9 yr journey
image_112.jpg,M/17/5‚Äô9‚Äù [235lbs>165lbs = 70lbs] how puberty and weight loss changed my face
image_113.jpg,F/37/5'4 [275 > 175 = 100lbs] (48 months) I did this hard work. I don't think I'll ever be truly finished. But I'm proud of myself. Body pic in thread.
image_114.jpg,F/26/5‚Äô6‚Äù [174.3 lbs > 153.9 lbs = 20.4 lbs pounds lost] It‚Äôs my birthday!
image_115.jpg,F/36/5‚Äô5 [225>165=60 pounds] (8 months) Feeling good today‚Ä¶ 15 pounds away from ‚Äúnormal weight‚Äù
image_116.jpg,"M/25/5'9"" [132lbs > 171lbs = 39lbs] (72 months)"
image_117.jpg,F/40/5‚Äô5 [150 - 170lbs] Visible progress despite major setbacks
image_118.jpg,M/26/5‚Äô6‚Äù [183lbs > 160lbs = 23lbs] 1 year
image_119.jpg,"F/27/5‚Äô3‚Äù [109 > 174 > 120 = 55lbs] 15 months postpartum. My physique has definitely changed but I‚Äôm starting to better accept them. Honest thoughts please, should I continue to try to lean down or just work on growth? I miss my thin legs but I feel like it may be better for my butt?"
image_120.jpg,F/34/5‚Äô1‚Äù[178lbs>143lbs=35lbs] I thought I would be miserable with how I looked for forever
image_121.jpg,F/34/5'4 [216 > 160 =56lbs] (4 yrs) my shirt got bigger!
image_122.jpg,F/24/5‚Äô5‚Äù [225>153=72lb] (16ish months) Going from begrudgingly taking family pictures on my last vacay to asking for pictures on my most recent >>>
image_123.jpg,M/21/5‚Äô8‚Äù [60>48kg] 8 months progress
image_124.jpg,"F/30/5'6"" [220 lbs > 140 lbs = 80lbs] 7/1/22-current"
image_125.jpg,M/23/6‚Äô1‚Äù[63kg(138lb) > 78kg (171lb) = 15kg (33lb) Gained] (2.5yrs)
image_126.jpg,M/30/6‚Äô4‚Äù [266lbs > 215lbs = 51lbs] 50 lbs in 94 days! 8 inches off of waist size. Don‚Äôt hate too much in the comments!
image_127.jpg,X/19/5‚Äô11‚Äù [320lbs > 265lbs = 55lbs] (12 months) Same hoodie different person
image_128.jpg,F/27/5‚Äô10‚Äù [228lbs > 198lbs = 30lbs] Weight loss progress
image_129.jpg,"F/25/5'8"" [150lbs > 135lbs = 15lbs] Getting closer to my goal"
image_130.jpg,F/19/5‚Äô0‚Äù [132lbs > 99lbs = 33lbs] (1 year 3 months) Weight loss :D Recently started going to the gym
image_131.jpg,"M/21/5'7 [250lbs > 196lbs = 54lbs] (1.5yrs) Lost a lot of fat, gained more muscle. I still haven't reached my goal but I am so proud of myself for how far I've gotten."
image_132.jpg,"F/30/5'9 [221lbs < 176lbs = 44lbs lost] (3.5 months) - Keto since november, omad(IF) since december and gym since 14.1."
image_133.jpg,M/26/6‚Äô4[294lbs>248lbs=46 lbs] (1 year 2 months) - Started out with on and off IF/OMAD then I just fell in love with the gym and getting better along with calorie deficits the right way. Today marks 7 months of not missing the gym at all and I feel so motivated to achieve more! :)
image_134.jpg,F/24/5‚Äô5‚Äù [115lbs > 140lbs = 25lbs gained] (36 months) Fitness trainer
image_135.jpg,F/33/5‚Äô6‚Äù [235lbs>217lbs= 18lbs] vegan since 1/10/24 started running 2/1/24
image_136.jpg,F/32/5‚Äô5‚Äù [162lbs > 117lbs] 9 months progress
image_137.jpg,M/18/5‚Äô8‚Äù [117 > 170 = 53 lbs] 1 Year weight gain progress
image_138.jpg,"F/32/5‚Äô6‚Äù [134lbs > 145lbs = 11lbs] a little over a year after increasing my gym regiment, especially over the last 3 months"
image_139.jpg,M/28/5‚Äô11 [115 lbs < 160 lbs = 45lbs] weight gain progress
image_140.jpg,F/28/5‚Äô2 [231lbs > 136lbs = 95lbs] finally hit the 5 year maintained mark!
image_141.jpg,M/30/5‚Äô10‚Äù [236lb>200lb>146lb] (11 months)
image_142.jpg,M/32/6'3'' [435LBS > 213 = -222LBs] üí™üí™
image_143.jpg,"M/36/5'7"" [210 lbs > 180 lbs] Face gains from healthier lifestyle"
image_144.jpg,M/26/6‚Äô0‚Äù[90kg>73kg=17kgs lost] last year‚Äôs progress
image_145.jpg,F/24/5‚Äô7‚Äù [260lbs > 196lbs = 64lbs] September 2023 v Now.
image_146.jpg,"F/60/5'1 [220lbs > 140lbs = 80lbs] (Decades, but most recently 5 months)...Almost there! My daughter told me to come here to find a weight loss community. Please excuse my very old ""before"" photo it's the best I could find."
image_147.jpg,"F/23/5'8"" [360lbs > 244lbs = 116lbs] (8 months) Valentines Day Update"
image_148.jpg,F/20/5‚Äô8 [167 lbs > 160 lbs = 7 lbs lost ] One year difference !
image_149.jpg,F/31/5‚Äô6‚Äù [222 > 202=20 lbs] (3 months) I‚Äôm waiting til next week but I‚Äôm 197 now :‚Äô)
image_150.jpg,F/20/5'7 [147lbs>121lbs=-26lbs] Leg progress!! Photos are exactly 1 year apart
image_151.jpg,F/35/5‚Äô4‚Äù [214lbs>190lbs = 24lbs] One year ago vs Now
image_152.jpg,"F/31/5'7""[242>228= 14lbs] one month"
image_153.jpg,M/32/6‚Äô4‚Äù [285lbs > 240lbs = 45lbs] 15+ years lifting experience
image_154.jpg,M/39/5‚Äô8‚Äù [360>323= 37 lbs down] I didn‚Äôt notice face gains until recently
image_155.jpg,F/25/5'6 [240 > 233 = 7] (1.5 months)
image_156.jpg,F/22/5‚Äô5 [130<142] 2 year difference. Started Lifting more seriously
image_157.jpg,F/35/5‚Äô9‚Äù [281lbs>180lbs=101lbs] Face gains
image_158.jpg,F/31/5‚Äô6‚Äù [212 > 202 = 10] (2 months diff)
image_159.jpg,F/37/5‚Äô7‚Äù - [285lbs - 235lbs = 50] Face gains? My clothes are smaller. But I genuinely have trouble seeing a difference.
image_160.jpg,"M/35/5'11""[415lbs>215lbs=200lbs lost](9 years)"
image_161.jpg,F/19/5‚Äô5‚Äù [210lbs > 160lbs = 50lbs] (12 months) Also only been working out since June of 2023. also don‚Äôt know if the weights are right bc I don‚Äôt weigh in often.
image_162.jpg,F/26/5‚Äô6‚Äù [265>240=-25lbs] October 2022 to February 2024. it‚Äôs hard to see the difference all the time.
image_163.jpg,M/36/5‚Äô7‚Äù [308lbs > 278lbs = 30lbs] (27 months) FACE GAINS! I gotta do CICO because I am stuck for few months... but feel 10 years younger
image_164.jpg,F/26/5‚Äô3‚Äù [215-169lbs = 46lbs] I had to get the bridesmaid dress I ordered in November altered a little!
image_165.jpg,F/28/5‚Äô6‚Äù [230lb > 170 = 60 lb] 11 months! currently a full year into strength training getting back on track
image_166.jpg,F/31/5‚Äô4‚Äù [235 > 175= 60lbs] (15 months) updated face gainsss!
image_167.jpg,"F/44/5'5"" [242lbs - 210lbs = 32lbs] 1 year ago, I decided to make my health a priority ‚úå"
image_168.jpg,F/38/5‚Äô6 [242 > 148 = 94] 11 months
image_169.jpg,F/23/5‚Äô2‚Äù [205lbs > 185lbs= 25lbs] progress Pics
image_170.jpg,F/23/5‚Äô2 [117 - 112 = 5 lbs (but not counting) ] 6 months of working that butt lift üòÅ
image_171.jpg,"M/26/6‚Äô5‚Äù [285lbs - 255lbs = 30lbs] Started January 1 2024, weighed in today at 255, the goal is to get to 220 by May 24 for a Muay Thai provincial tournament"
image_172.jpg,M/25/5‚Äô10‚Äù [300lbs > 195lbs= 105lbs] Weight loss progress
image_173.jpg,F/45/5'7‚Äù [182lbs > 145lbs = 37lbs] Weight loss progress and hair loss issue
image_174.jpg,F/29/5‚Äô3‚Äù[275>226lbs=49lbs] (10months) The scale hasn‚Äôt moved in over a month üôÉ
image_175.jpg,M/33/5‚Äô9‚Äù [180lbs - 175lbs - 215lbs] feeling good about myself 14 years later.
image_176.jpg,M/34/6'0[255lbs>235lbs=20lbs] Been feeling great lately.
image_177.jpg,M/26/6‚Äô2‚Äô‚Äô [385>273= 112 lost] (9 months) out of my comfort zone
image_178.jpg,F/35/5‚Äô2‚Äù [285lbs > 175lbs = 110lbs] trying to motivate myself to keep going
image_179.jpg,M/25/180 [128kg > 105kg = 23 kg] 6 months progress and i'm pretty happy with it.
image_180.jpg,F/34/5‚Äô 6‚Äù [184>144 = 40lbs] never thought I would get here!
image_181.jpg,F/28/5'6 [160 > 136 = 24] Progress so far. I would like to have some visible abs. Any advice is welcome!
image_182.jpg,F/16/5‚Äô8[156lbs>135lbs=11lbs-6 months]
image_183.jpg,"F/32/5'9"" [348 > 283 = 65 lbs] Got to my HW in 6/2020. Yesterday, I did the zipline in Vegas because I'm under the weight limit of 300 lbs. So proud of how far I've come!"
image_184.jpg,F/32/5‚Äô9‚Äù [142lb > 142lb = 0lb] (10 months) Started working out regularly in 2023 and so stoked on my fitness progress!
image_185.jpg,M/23/5‚Äô9 [145lbs>161lbs = 16lbs gained] (2 months )
image_186.jpg,F/21/5'4 [108lbs>122lbs] 3 years of glute gains. I used to get roasted for being an Asian girl with no butt. So this is proof that anything's possible when you work hard for it
image_187.jpg,M/19/5'10 [290 > 170] (1.5 years) he'd be proud
image_188.jpg,"M/19/5‚Äô11 [267lbs > 187lbs = 80lbs] (7 months) still more to go, but two similar pictures let me see the difference a little better"
image_189.jpg,"M/26/5'10 [316>198] (118lbs) From self loathing to self love, slowly (3 years)"
image_190.jpg,"F/31/5'5"" [220lbs >151lbs =69lbs lost] (13 months)"
image_191.jpg,F/20/5‚Äô7‚Äù [180>170=10] (3 months) i don‚Äôt really weigh myself so I‚Äôm just estimating
image_192.jpg,M/20/6‚Äô2 [335 > 190 = 145 lbs lost] 10 months
image_193.jpg,F/25/4‚Äô11‚Äù [185 > 100 = 85lbs] Wanted to get in shape to pursue my dream of cosplaying again and I did it!
image_194.jpg,"F/19/5'2"" [164lbs > 125lbs = -39lbs] (24 months) - really happy about the person I became"
image_195.jpg,"M/39/5'8"" [233lbs > 171lbs = 62lbs] (19 months) The thing you don't see is how much I feel better mentally and physically!"
image_196.jpg,F/45/5‚Äô3‚Äù [270>195] (15 months) Face gains? Still a coffee addict!
image_197.jpg,"F/28/5‚Äô7‚Äù [220lbs > 180lbs = 40lbs] (1 year) Been thinking about it for years, been putting in the work since July!"
image_198.jpg,F/27/5‚Äô7 [160>140=-20] 9 month post partum journey
image_199.jpg,F/45/5‚Äô2.5‚Äù [238>195 lbs = 43 lbs] (9.5 months)
image_200.jpg,F/19/5‚Äô4 [160lbs > 154 lbs = 6 pounds down] (3 weeks) i don‚Äôt even know if a difference is noticeable but i notice that i feel a bit better (ignore the drawn on clothes lol)
image_201.jpg,F/28/5‚Äô3 [230 > 175 = 55lbs] (1 year) Face to face Friday! Sometimes it‚Äôs hard to see a difference but I notice less of a double chin and less fat in my face. I feel like I can fully smile now without being self conscious of my chinü•π
image_202.jpg,"F/35/5'4"" [215>145 = 70lbs] (1 year) I cannot believe my face changed this much"
image_203.jpg,"M/31/171 [97-85 6 weeks] Deleting my earlier post due to some errors in the title; nevertheless, happy to be able to post!"
image_204.jpg,F/22/5‚Äô11‚Äù [254lbs > 173lbs = 81lbs] December 2022 to February 2024! :)
image_205.jpg,F/28/5‚Äô7 [430>280=150] (9 months) I feel like an entirely different person
image_206.jpg,M/49/5'10 [125kg-88kg =37kg loss] (7 months) Face changes
image_207.jpg,F/33/5‚Äô3‚Äù [205lbs>120lbs=85lbs] (10 months)
image_208.jpg,M/45/6‚Äô2‚Äù [213lbs<228lbs=14lbs] (10 months)
image_209.jpg,M/35/5‚Äô10‚Äù [335lbs > 220lbs = 115lbs] Lifestyle overhaul
image_210.jpg,F/17/5‚Äô2‚Äù. July of 2022 to February of 2024. From 228 to 126
image_211.jpg,F/27/5‚Äô3‚Äù [240lbs > 180lbs = 60lbs] Progress so far!
image_212.jpg,"F/38/118 lbs/5'3"" [200>118=82 lbs] after being overweight or obese since 3rd grade, I feel like I could cry"
image_213.jpg,"M/21/6'2"" [171lbs > 143lbs = 28lbs] weight gain journey 2017-2024"
image_214.jpg,"F/23/5'6 [227lbs > 175lbs = 54lbs] 2 years. Today, I can wear pants that I wore in 9th grade."
image_215.jpg,M/25/6‚Äô0 [235lbs>185lbs = 50lbs] (March 2023 to Feb 2024) 10 more pounds to go!
image_216.jpg,"M/39/5'9"" [189lbs > 159lbs = 30lbs] (10 weeks) gave up donuts"
image_217.jpg,F/29/5‚Äô7‚Äù [193 > 159 = 34] 10 months to get to a normal BMI!
image_218.jpg,F/21/5‚Äô7‚Äù [140kg > 75kg = 65kg] (28 months) photo recreation
image_219.jpg,M/25/5'7 [225 > 18 = 42 lbs] 18 months | Face gains!! Still have about 20-30 more pounds to go.
image_220.jpg,F/21/5‚Äô2 [78 Kgs > 72Kgs = 6 Kgs] (6 Months) Lower Body transformation
image_221.jpg,F/29/5‚Äô4 [178 lbs > 166 lbs= 12lbs] (12 months) Slowly but surely I will soon reach my GW ‚ò∫Ô∏è
image_222.jpg,"F/27/5‚Äô9‚Äù [250lbs > 170lbs = 80lbs] about 1 year. Posting for encouragement because I gained 40lbs back after maintaining for 2 years. Got up to 210, back down to 199 currently. This time I‚Äôm going for 150!"
image_223.jpg,F/26/5‚Äô6‚Äù [240 > 199=41 lbs] weight loss progress
image_224.jpg,M/33/6‚Äô0‚Äù [406lbs > 231lbs = 175] Weight loss progress
image_225.jpg,M/37/6‚Äô1 [360lbs. > 275lbs. = 85lbs.] (3 years) I feel like an entirely new person
image_226.jpg,"M/32/5'8"" [287 lbs > 175 lbs = 112 lbs] (2 years, 4 months) Keeping it up and/or down."
